DELETE FROM COURSE;
DELETE FROM EGE;
DELETE FROM OLYMPIADA;
DELETE FROM APP_REQUEST;
DELETE FROM APPLICANT;

INSERT INTO APPLICANT (LASTNAME, FIRSTNAME, SECONDNAME, BIRTHDAY, PASSPORT, DIPLOMA) 
VALUES ('Ivanov', 'Ivan', 'Ivanovich', '2000-10-10', '4001 020036', '21321kksa2');
INSERT INTO APPLICANT (LASTNAME, FIRSTNAME, SECONDNAME, BIRTHDAY, PASSPORT, DIPLOMA) 
VALUES ('Petrov', 'Petr', 'Petrovich', '2000-11-04', '4001 430036', '5y321kksa2');
INSERT INTO APPLICANT (LASTNAME, FIRSTNAME, SECONDNAME, BIRTHDAY, PASSPORT, DIPLOMA) 
VALUES ('Smirnov', 'Nikolay', 'Ivanovich', '2000-03-16', '4001 690036', 'kefke3242');
INSERT INTO APPLICANT (LASTNAME, FIRSTNAME, SECONDNAME, BIRTHDAY, PASSPORT, DIPLOMA) 
VALUES ('Putin', 'Vladimir', 'Vladimirovich', '1999-04-01', '4000 444495', '443llvldw12');
INSERT INTO APPLICANT (LASTNAME, FIRSTNAME, SECONDNAME, BIRTHDAY, PASSPORT, DIPLOMA) 
VALUES ('Serov', 'Valentin', 'Igorevich', '2000-12-31', '4001 994485', 'efe223ge2321');

INSERT INTO EGE (APP_ID, RUSSIAN, MATH, CHEMISTRY) VALUES (1, 90, 67, 90);
INSERT INTO EGE (APP_ID, RUSSIAN, MATH, INFORMATICS) VALUES (2, 56, 74, 77);
INSERT INTO EGE (APP_ID, RUSSIAN, MATH, CHEMISTRY, PHYSICS) VALUES (3, 77, 67, 92, 79);
INSERT INTO EGE (APP_ID, RUSSIAN, MATH, CHEMISTRY, INFORMATICS, PHYSICS) VALUES (4, 87, 87, 87, 87, 87);
INSERT INTO EGE (APP_ID, RUSSIAN, MATH, INFORMATICS, PHYSICS) VALUES (5, 100, 67, 99, 73);

INSERT INTO OLYMPIADA (APP_ID, NAME, SUBJECT, STATUS) VALUES (1, 'Russian ol','RUSSIAN', TRUE);
INSERT INTO OLYMPIADA (APP_ID, NAME, SUBJECT, STATUS) VALUES (3, 'Chemistry ol', 'CHEMISTRY', FALSE);
INSERT INTO OLYMPIADA (APP_ID, NAME, SUBJECT, STATUS) VALUES (5, 'Physics ol', 'PHYSICS', FALSE);

INSERT INTO COURSE (COURSE_NAME, SUBJECT, CAPACITY) VALUES ('Theoretical chemistry', 'CHEMISTRY', 45);
INSERT INTO COURSE (COURSE_NAME, SUBJECT, CAPACITY) VALUES ('Information security', 'INFORMATICS', 30);
INSERT INTO COURSE (COURSE_NAME, SUBJECT, CAPACITY) VALUES ('Software engineering', 'INFORMATICS', 60);
INSERT INTO COURSE (COURSE_NAME, SUBJECT, CAPACITY) VALUES ('Theoretical physics', 'PHYSICS', 30);
INSERT INTO COURSE (COURSE_NAME, SUBJECT, CAPACITY) VALUES ('Engeneering', 'PHYSICS', 60);

INSERT INTO APP_REQUEST (APP_ID, COURSE_ID) VALUES (1, 1);
INSERT INTO APP_REQUEST (APP_ID, COURSE_ID) VALUES (2, 2);
INSERT INTO APP_REQUEST (APP_ID, COURSE_ID) VALUES (2, 3);
INSERT INTO APP_REQUEST (APP_ID, COURSE_ID) VALUES (3, 1);
INSERT INTO APP_REQUEST (APP_ID, COURSE_ID) VALUES (4, 1);
INSERT INTO APP_REQUEST (APP_ID, COURSE_ID) VALUES (4, 2);
INSERT INTO APP_REQUEST (APP_ID, COURSE_ID) VALUES (4, 3);
INSERT INTO APP_REQUEST (APP_ID, COURSE_ID) VALUES (4, 4);
INSERT INTO APP_REQUEST (APP_ID, COURSE_ID) VALUES (4, 5);
INSERT INTO APP_REQUEST (APP_ID, COURSE_ID) VALUES (5, 3);
INSERT INTO APP_REQUEST (APP_ID, COURSE_ID) VALUES (5, 4);
INSERT INTO APP_REQUEST (APP_ID, COURSE_ID) VALUES (5, 5);